Player,Team,Current Season,Actual Salary %,Predicted Salary %,Raw Salary,Predicted Salary,Salary Cap,Difference,Actual Minutes
Lewis O'Brien,LAFC,2024,19.4631787677156,5.665959455165483,1600000,465778.7526106559,8220651,13.797219312550116,871.0
Facundo Torres,ORL,2024,18.976599298522707,8.28158738069234,1560000,680800.3958267587,8220651,10.695011917830367,2951.0
Victor Wanyama,MTL,2024,17.516860890944038,5.424775540361006,1440000,445951.86470644246,8220651,12.092085350583032,474.0
Diogo Gonçalves,RSL,2024,20.07140310420672,9.305426745437243,1650000,764966.6568030544,8220651,10.765976358769477,628.0
Dániel Gazdag,PHI,2024,19.4631787677156,11.24326785814558,1600000,924269.8116133232,8220651,8.21991090957002,2807.0
Paul Arriola,FCD,2024,18.854954431224485,5.177568695274292,1550000,425629.852723753,8220651,13.677385735950192,2747.0
Carlos Gruezo,SJE,2024,17.760150625540483,7.531458733553398,1460000,619134.9376944448,8220651,10.228691891987085,2175.0
Djordje Mihailovic,COL,2024,16.422057085260036,12.966628755233373,1350000,1065941.2964333796,8220651,3.455428330026665,2778.0
Alex Ring,ATX,2024,18.55084226297893,8.4859543552143,1525000,697600.691561468,8220651,10.064887907764628,2930.0
Robin Lod,MIN,2024,18.246730094733373,10.119034986180107,1500000,831850.5507817649,8220651,8.127695108553265,2669.0
Gastón Giménez,CHI,2024,19.4631787677156,7.565024627551798,1600000,621894.2726950832,8220651,11.898154140163802,1940.0
Alan Velasco,FCD,2024,15.20560841227781,5.683190296370215,1250000,467195.239930461,8220651,9.522418115907596,419.0
Miles Robinson,CIN,2024,17.417355389494094,7.729031557979419,1431820,635376.7100613507,8220651,9.688323831514676,2529.0
Kellyn Acosta,CHI,2024,16.935252451417774,5.357943977928431,1392188,440457.87520101335,8220651,11.577308473489342,2575.0
Cristian Roldan,SEA,2024,17.273571156347593,8.8953732150464,1420000,731257.587156444,8220651,8.378197941301194,3174.0
Darlington Nagbe,CLB,2024,17.03028142175115,11.351669078791778,1400000,933181.097642387,8220651,5.6786123429593705,2653.0
Nemanja Radoja,SKC,2024,17.516860890944038,9.186140414078416,1440000,755160.5438113414,8220651,8.330720476865622,2375.0
Matt Miazga,CIN,2024,18.55084226297893,5.433539926246515,1525000,446672.35428238334,8220651,13.117302336732417,1593.0
Hannes Wolf,NYC,2024,17.03028142175115,7.80963111922329,1400000,642002.5186987405,8220651,9.220650302527858,2842.0
Jordi Alba,MIA,2024,15.20560841227781,10.222268158074932,1250000,840336.9895594685,8220651,4.9833402542028775,2558.0
Luis Suárez,MIA,2024,18.246730094733373,20.569585444806386,1500000,1690953.8315643305,8220651,-2.322855350073013,2165.0
Dante Vanzeir,NYRB,2024,16.422057085260036,7.953041789865541,1350000,653791.8094289994,8220651,8.469015295394495,2293.0
João Paulo,SEA,2024,17.03028142175115,9.768740916360516,1400000,803054.0978282,8220651,7.261540505390633,1420.0
Felipe Mora,POR,2024,15.509720580523368,11.79655723244375,1275000,969753.8000944594,8220651,3.713163348079618,2109.0
Rafael Navarro,COL,2024,16.93296552791257,8.965364620326662,1392000,737011.3363145299,8220651,7.967600907585909,3063.0
Obinna Nwobodo,CIN,2024,15.935477616067145,7.674415421251923,1310000,630886.9080713005,8220651,8.26106219481522,2762.0
Kelvin Yeboah,MIN,2024,14.901496244032256,5.499441662127762,1225000,452089.90599212254,8220651,9.402054581904494,786.0
Lewis Morgan,NYRB,2024,15.20560841227781,11.44981516020792,1250000,941249.3444657838,8220651,3.755793252069891,2717.0
Gastón Brugman,LAG,2024,14.597384075786698,11.380460045720456,1200000,935547.9025531192,8220651,3.2169240300662416,1385.0
João Klauss,STL,2024,14.962318677681369,9.415944535997072,1230000,774051.9386578887,8220651,5.546374141684296,2186.0
Martín Rodríguez,DCU,2024,13.380935402804472,6.211034438365676,1100000,510587.4646678523,8220651,7.169900964438796,1460.0
Eduard Löwen,STL,2024,14.597384075786698,14.190817518705812,1200000,1166577.5822596643,8220651,0.406566557080886,2106.0
Andreas Maxsø,COL,2024,13.989159739295587,8.338569785013428,1150000,685484.7204174042,8220651,5.650589954282159,3466.0
Rafael Czichos,CHI,2024,15.813832748768924,8.908717220928018,1300000,732354.5513093914,8220651,6.9051155278409055,2685.0
Santiago Rodríguez,NYC,2024,14.597384075786698,12.451785230368548,1200000,1023617.8070581442,8220651,2.145598845418151,3172.0
Justen Glad,RSL,2024,13.989159739295587,8.014434174154085,1150000,658838.6630819396,8220651,5.974725565141503,2574.0
Richie Laryea,TOR,2024,12.042841862524028,4.75316040821358,990000,390740.7286294137,8220651,7.289681454310449,1018.0
Diego Fagundez,LAG,2024,15.20560841227781,8.441178378533573,1250000,693919.8147867039,8220651,6.764430033744237,1899.0
Josef Martínez,MTL,2024,15.92442009762974,12.902753160895498,1309091,1060690.3067486873,8220651,3.021666936734242,1528.0
Aaron Long,LAFC,2024,15.324333802760876,6.794883295872959,1259760,558583.6416110133,8220651,8.529450506887917,2655.0
Dániel Sallói,SKC,2024,15.813832748768924,7.03501897538609,1300000,578324.3577502663,8220651,8.778813773382833,2349.0
Ilie Sánchez,LAFC,2024,15.423048612573384,8.32320009026616,1267875,684221.2314524661,8220651,7.099848522307223,2388.0
Marco Reus,LAG,2024,11.677907260629356,14.699054308274135,960000,1208357.9549836807,8220651,-3.02114704764478,403.0
Chidozie Awaziem,CIN,2024,13.137645668208028,9.005661960028135,1080000,740324.0399736725,8220651,4.131983708179893,599.0
Joakim Nilsson,STL,2024,13.806692438348254,7.7363301455199105,1135000,635976.701470984,8220651,6.070362292828343,1373.0
Felipe Carballo,NYRB,2024,12.407776464418694,5.013628598770935,1020000,412152.9095411488,8220651,7.394147865647759,503.0
Pedro de la Vega,SEA,2024,9.549122082910465,4.81899881548406,785000,396153.0743150785,8220651,4.730123267426405,740.0
Andrés Cubas,VAN,2024,12.77271106631336,6.521072103201759,1050000,536074.5790625765,8220651,6.2516389631116,2139.0
Duncan McGuire,ORL,2024,10.035701552103356,4.15702121805189,825000,341734.2063319949,8220651,5.878680334051467,1841.0
Jakob Glesnes,PHI,2024,12.164486729822247,8.09500729184376,1000000,665462.297887027,8220651,4.069479437978487,3182.0
Stian Gregersen,ATL,2024,12.164486729822247,8.423475154604299,1000000,692464.4945317298,8220651,3.741011575217948,1987.0
Bruno Wilson,SJE,2024,12.164486729822247,6.587844702991379,1000000,541563.7214549079,8220651,5.576642026830868,1160.0
Erik Thommy,SKC,2024,12.164486729822247,11.298730258856516,1000000,928829.1820119908,8220651,0.8657564709657315,2576.0
Cedric Teuchert,STL,2024,11.556262393331137,10.296786199145965,950000,846462.8576479546,8220651,1.259476194185174,840.0
Julian Gressel,MIA,2024,13.284458858550256,6.833698698050364,1092069,561774.5203582642,8220651,6.450760160499891,2521.0
James Sands,NYC,2024,12.164486729822247,4.948708585098675,1000000,406816.0617880001,8220651,7.215778144723572,2931.0
Kai Wagner,PHI,2024,10.643925888594469,8.503887585670274,875000,699074.9198502792,8220651,2.1400383029241947,3290.0
Keaton Parks,NYC,2024,10.948038056840025,7.378065424319805,900000,606525.0090850004,8220651,3.5699726325202192,2841.0
Sean Davis,NSH,2024,11.069682924138249,4.107783743049219,910000,337686.56535081303,8220651,6.96189918108903,1487.0
Hernán López,SJE,2024,10.33981372034891,5.5715896506893845,850000,458020.9403352934,8220651,4.768224069659526,1983.0
Tomás Chancalay,NER,2024,11.556262393331137,9.32380678914841,950000,766477.6160501967,8220651,2.232455604182727,1066.0
Jeremy Ebobisse,SJE,2024,10.455108725574169,6.423541714961338,859478,528056.9462263864,8220651,4.031567010612831,2117.0
Nicolás Freire,MIA,2024,4.865794691928899,8.958658006115064,400000,736460.008966278,8220651,-4.092863314186165,825.0
Gyasi Zardes,ATX,2024,12.164486729822247,6.838011267979505,1000000,562129.0416812699,8220651,5.326475461842742,1411.0
Johnny Russell,SKC,2024,12.164486729822247,9.519299848405288,1000000,782548.4181809278,8220651,2.64518688141696,1931.0
Osman Bukari,ATX,2024,12.164486729822247,6.05570134352631,1000000,497818.073053609,8220651,6.108785386295938,676.0
Matt Crooks,RSL,2024,12.164486729822247,11.43253838395268,1000000,939829.0809857897,8220651,0.7319483458695686,2083.0
Saba Lobjanidze,ATL,2024,10.948038056840025,10.041616632615362,900000,825486.258125261,8220651,0.9064214242246624,2728.0
Alessandro Schöpf,VAN,2024,10.948038056840025,10.068094465915603,900000,827662.9083932359,8220651,0.8799435909244195,2120.0
Martín Ojeda,ORL,2024,10.948038056840025,11.837564428207694,900000,973124.8585431,8220651,-0.8895263713676691,2127.0
Cristian Dájome,DCU,2024,10.948038056840025,6.527471773507022,900000,536600.6736235227,8220651,4.420566283333002,2303.0
Robin Jansson,ORL,2024,10.33981372034891,8.43946485947763,850000,693778.9523652964,8220651,1.900348860871281,3044.0
Mathías Laborda,VAN,2024,9.731589383857798,4.910617903199932,800000,403684.75976558425,8220651,4.8209714806578665,2166.0
Jackson Yueill,SJE,2024,10.948038056840025,7.283485183942989,900000,598749.8976086612,8220651,3.664552872897035,2688.0
Sergio Santos,CIN,2024,9.731589383857798,8.360080506077157,800000,687253.0417236369,8220651,1.3715088777806417,1114.0
Sam Adekugbe,VAN,2024,10.035701552103356,9.324657734286928,825000,766547.5692802357,8220651,0.7110438178164298,862.0
Amahl Pellegrino,SJE,2024,10.33981372034891,11.161175723887062,850000,917521.3037574792,8220651,-0.8213620035381517,1903.0
Dario Zuparic,POR,2024,8.940897746419353,9.391944354796276,735000,772078.9675220036,8220651,-0.451046608376922,2533.0
Raoul Petretta,TOR,2024,8.211028542630018,6.422055604171634,675000,527934.7782448914,8220651,1.788972938458384,2096.0
Rémi Walter,SKC,2024,10.948038056840025,9.85299880636203,900000,809980.6449051884,8220651,1.0950392504779938,1441.0
Brian Gutiérrez,CHI,2024,9.773058119119764,4.533921200977627,803409,372717.8385473793,8220651,5.239136918142137,2668.0
Alhassan Yusuf,NER,2024,9.731589383857798,9.085483635186252,800000,746885.901310775,8220651,0.6461057486715465,486.0
Jack Elliott,PHI,2024,9.731589383857798,10.282413592236905,800000,845281.3357943589,8220651,-0.5508242083791046,2695.0
Maya Yoshida,LAG,2024,9.731589383857798,10.871334143429404,800000,893694.4389751708,8220651,-1.139744759571606,3440.0
Matías Cóccaro,MTL,2024,9.731589383857798,8.366228124042962,800000,687758.4159414191,8220651,1.3653612598148364,1032.0
Steven Moreira,CLB,2024,9.731589383857798,9.2812783128605,800000,762981.4984389497,8220651,0.4503110709972997,2430.0
Shaq Moore,NSH,2024,9.731589383857798,4.0917019819548,800000,336364.5398965871,8220651,5.639887401902999,1883.0
Mark Delgado,LAG,2024,9.731589383857798,11.490250286128465,800000,944573.3750491224,8220651,-1.7586609022706643,2759.0
Luis Abram,ATL,2024,8.907749520080587,8.809398698312561,732275,724189.9221868186,8220651,0.098350821768026,1308.0
Sam Vines,COL,2024,10.33981372034891,2.846854897203339,850000,234030.00557549528,8220651,7.492958823145571,2451.0
Ashley Westwood,CLT,2024,9.123365047366686,7.574427982125945,750000,622667.2896569163,8220651,1.5489370652407413,3368.0
Cole Bassett,COL,2024,10.33981372034891,7.326476541362526,850000,602284.0670622839,8220651,3.0133371789863848,2896.0
Aaron Herrera,DCU,2024,9.123365047366686,7.960264901245823,750000,654385.5962069137,8220651,1.163100146120863,2982.0
Reggie Cannon,COL,2024,9.123365047366686,3.366505128432743,750000,276748.6375055576,8220651,5.756859918933943,379.0
Sebastian Lletget,FCD,2024,9.123365047366686,10.99982958983699,750000,904257.6011752303,8220651,-1.876464542470304,2094.0
Jonathan Osorio,TOR,2024,9.586053464622204,10.536594417165473,788036,866176.6543206577,8220651,-0.9505409525432692,2095.0
Yeimar Gómez Andrade,SEA,2024,9.123365047366686,9.208563196970765,750000,757003.842537409,8220651,-0.0851981496040767,2769.0
Bartosz Slisz,ATL,2024,7.663626639788017,4.392118977470945,630000,361060.772642655,8220651,3.271507662317072,2706.0
Erik Sviatchenko,HOU,2024,9.427428557665325,8.744398664552044,774996,718846.4962614843,8220651,0.6830298931132806,2713.0
Anderson Julio,RSL,2024,9.123365047366686,16.558875664350886,750000,1361247.3778902178,8220651,-7.4355106169842,1596.0
Miguel Tapias,MIN,2024,8.81925287912113,7.369136092889081,725000,605790.9599114471,8220651,1.4501167862320496,2348.0
Sergii Kryvtsov,MIA,2024,9.123365047366686,10.197690188355622,750000,838316.5204459584,8220651,-1.074325140988936,1572.0
Prince Owusu,TOR,2024,8.515140710875574,9.905841462449498,700000,814324.6552412693,8220651,-1.3907007515739238,2074.0
Tomas Ostrak,STL,2024,8.515140710875574,6.283972346562259,700000,516583.43554739386,8220651,2.231168364313315,765.0
Nicolás Lodeiro,ORL,2024,9.731589383857798,9.725495175018748,800000,799499.0163601305,8220651,0.00609420883905,1984.0
Jack Maher,NSH,2024,8.515140710875574,3.658282878634775,700000,300734.6680453184,8220651,4.856857832240799,2721.0
Andrés Reyes,NYRB,2024,7.809600480545884,3.4960400359530284,642000,287397.250175973,8220651,4.313560444592856,1708.0
Artur,HOU,2024,8.515140710875574,8.318423187245264,700000,683828.5389265097,8220651,0.1967175236303102,3398.0
Tyler Boyd,NSH,2024,9.366654781963131,4.372657874023478,770000,359460.94324748975,8220651,4.993996907939653,1246.0
Julio Cascante,ATX,2024,8.515140710875574,8.73816758206735,700000,718334.2607168953,8220651,-0.2230268711917755,2105.0
Kamal Miller,POR,2024,9.03213139689302,6.595083300178701,742500,542158.7812669735,8220651,2.437048096714318,2229.0
Tai Baribo,PHI,2024,7.906916374384462,10.774796425891516,650000,885758.4101330151,8220651,-2.867880051507054,1587.0
Matti Peltola,DCU,2024,8.293966013153947,3.3875147826792973,681818,278475.7678574735,8220651,4.90645123047465,2552.0
Sigurd Rosted,TOR,2024,9.123365047366686,6.772230366955314,750000,556721.4233834157,8220651,2.3511346804113726,1958.0
Brian White,VAN,2024,9.178105237650886,10.663482062900831,754500,876607.6448386778,8220651,-1.4853768252499453,2709.0
Lassi Lappalainen,MTL,2024,8.758430445472019,6.998000552613749,720000,575281.2024084477,8220651,1.7604298928582702,395.0
Mark-Anthony Kaye,NER,2024,9.123365047366686,5.875270289716024,750000,482985.4658242432,8220651,3.2480947576506622,1546.0
Khiry Shelton,SKC,2024,8.515140710875574,4.170563739848745,700000,342847.4897855133,8220651,4.344576971026829,1192.0
Tristan Blackmon,VAN,2024,9.123365047366686,6.252350479377652,750000,513983.9122064638,8220651,2.871014567989034,2117.0
Birk Risa,NYC,2024,8.028561241682684,5.339533381308811,660000,438944.40430589655,8220651,2.6890278603738738,2511.0
Brooks Lennon,ATL,2024,9.001720180068464,7.382877094848453,740000,606920.5597264303,8220651,1.6188430852200106,3357.0
Andrés Herrera,CLB,2024,7.906916374384462,5.856961660600217,650000,481480.3773217484,8220651,2.0499547137842447,553.0
Gabriel Pirani,DCU,2024,8.089383675331796,4.38753396037699,665000,360683.85438907065,8220651,3.7018497149548057,1599.0
Michael Boxall,MIN,2024,8.211028542630018,7.891026376927408,675000,648693.7387651467,8220651,0.3200021657026104,3215.0
Leonardo Campana,MIA,2024,7.298692037893349,4.8340835070941965,600000,397393.13416677417,8220651,2.4646085307991523,1468.0
Dave Romney,NER,2024,8.211028542630018,7.7191500705695315,675000,634564.3874677749,8220651,0.4918784720604865,2485.0
Yuya Kubo,CIN,2024,7.906916374384462,10.462811530642638,650000,860111.2207218893,8220651,-2.555895156258176,2687.0
Aníbal Godoy,NSH,2024,7.906916374384462,9.48436689244498,650000,779676.7017874472,8220651,-1.5774505180605178,1642.0
John Tolkin,NYRB,2024,7.785271507086239,2.986580644085937,640000,245516.37158385705,8220651,4.798690863000301,2708.0
Latif Blessing,HOU,2024,7.906916374384462,7.562242032860675,650000,621665.5252967814,8220651,0.3446743415237865,1142.0
César Araújo,ORL,2024,8.211028542630018,3.99534664528623,675000,328443.50394918886,8220651,4.215681897343789,2754.0
Chris Mueller,CHI,2024,7.906965032331382,7.974308629373539,650004,655540.0820836821,8220651,-0.0673435970421572,1520.0
Corey Baird,CIN,2024,7.837809925272341,4.833186894079399,644319,397319.426740007,8220651,3.004623031192943,1089.0
Rodrigues,SJE,2024,7.906916374384462,8.857405934241243,650000,728136.4295072621,8220651,-0.9504895598567806,3073.0
Miguel Araujo,POR,2024,6.690467701402236,6.295381443341042,550000,517521.33757582976,8220651,0.3950862580611938,1785.0
Eugene Ansah,FCD,2024,7.298692037893349,6.742229135317299,600000,554255.1268347529,8220651,0.5564629025760501,533.0
Lalas Abubakar,COL,2024,8.089383675331796,6.803215999913051,665000,559268.6441290122,8220651,1.2861676754187448,1445.0
Joaquín Pereyra,MIN,2024,7.420336905191571,5.797387051303817,610000,476582.9566068777,8220651,1.6229498538877545,446.0
Boris Enow,DCU,2024,7.127111952569207,3.093886851846581,585895,254337.6404251945,8220651,4.033225100722626,348.0
Arnaud Souquet,CHI,2024,7.542127746330553,5.610813855537829,620012,461245.42532340914,8220651,1.9313138907927236,2113.0
Eduard Atuesta,LAFC,2024,8.389846497558406,8.12979704986778,689700,668322.2424779261,8220651,0.2600494476906263,2430.0
Jovan Mijatović,NYC,2024,7.906916374384462,4.597669687563544,650000,377958.3791473893,8220651,3.3092466868209183,338.0
Ranko Veselinović,VAN,2024,7.541981772489795,4.671093417872965,620000,383994.287767308,8220651,2.87088835461683,3092.0
Dejan Joveljic,LAG,2024,8.317467801515962,10.1150539701118,683750,831523.2853445355,8220651,-1.7975861685958383,2108.0
Andrew Farrell,NER,2024,8.317467801515962,2.9628168137753854,683750,243562.8300297944,8220651,5.354650987740577,633.0
Sebastien Ibeagha,FCD,2024,7.541981772489795,6.844599920671298,620000,562670.6718246642,8220651,0.6973818518184967,3167.0
David Brekalo,ORL,2024,7.298692037893349,5.262007777910091,600000,432571.2950148437,8220651,2.036684259983258,1330.0
Jeong Sang-Bin,MIN,2024,7.003703234695159,3.453099239852821,575750,283867.23719195335,8220651,3.5506039948423376,2434.0
Luca Langoni,NER,2024,7.420336905191571,3.8985688169247146,610000,320487.73643420974,8220651,3.5217680882668567,761.0
Cristian Olivera,LAFC,2024,8.27185097627913,4.967071472585071,680000,408325.6106817794,8220651,3.304779503694058,1866.0
Cristhian Paredes,POR,2024,7.055402303296904,4.231107099646969,580000,347824.5480981995,8220651,2.824295203649936,1562.0
Dominik Marczuk,RSL,2024,7.298692037893349,4.146809008829895,600000,340894.69625246484,8220651,3.1518830290634536,508.0
Eryk Williamson,POR,2024,8.211028542630018,4.286878279303975,675000,352409.30213638506,8220651,3.9241502633260423,1280.0
Omar Campos,LAFC,2024,8.211028542630018,2.5960728001564366,675000,213414.0846067881,8220651,5.614955742473581,1826.0
Mateusz Bogusz,LAFC,2024,8.211028542630018,11.062011620189628,675000,909369.3688752349,8220651,-2.8509830775596097,2871.0
Pedro Vite,VAN,2024,7.554146259219617,3.610924754276831,621000,296841.52192170586,8220651,3.9432215049427857,2233.0
Fafa Picault,VAN,2024,7.906916374384462,10.737455644189058,650000,882688.7547885843,8220651,-2.8305392698045964,1879.0
Dylan Borrero,NER,2024,7.298692037893349,5.6753241970156205,600000,466548.5953552066,8220651,1.6233678408777283,1047.0
Yaw Yeboah,CLB,2024,7.298692037893349,9.77607347949908,600000,803656.8822531758,8220651,-2.47738144160573,1211.0
Coco Carrasquilla,HOU,2024,6.690467701402236,6.937543556773975,550000,570311.2437753754,8220651,-0.2470758553717393,2562.0
Braian Ojeda,RSL,2024,7.298692037893349,5.17513894757515,600000,425430.1116452261,8220651,2.1235530903181985,3033.0
Martín Cáceres,LAG,2024,7.298692037893349,8.595670442914644,600000,706620.0682221671,8220651,-1.296978405021295,1214.0
Bongokuhle Hlongwane,MIN,2024,7.359514471542461,6.677364601348516,605000,548922.8398744029,8220651,0.6821498701939452,2144.0
Leo Väisänen,ATX,2024,7.298692037893349,7.621227041254558,600000,626514.4769791632,8220651,-0.3225350033612093,945.0
Ryan Hollingshead,LAFC,2024,7.846093940735351,7.500161666299483,645000,616562.1150222651,8220651,0.3459322744358672,2473.0
Andrés Perea,NYC,2024,6.994579869647794,3.146647906263314,575000,258674.94257271415,8220651,3.84793196338448,1446.0
Timothy Tillman,LAFC,2024,7.298692037893349,6.869697252572066,600000,564733.8358905381,8220651,0.428994785321283,2768.0
Omir Fernández,COL,2024,6.994579869647794,3.3453390459507437,575000,275008.6477343402,8220651,3.6492408236970495,1888.0
Julián Fernández,NYC,2024,6.860770515619749,5.462053041389237,564000,449016.3179674947,8220651,1.3987174742305122,808.0
Carlos Terán,CHI,2024,6.43501348007597,4.506074882237445,529000,370428.6898674014,8220651,1.928938597838525,1373.0
Miki Yamane,LAG,2024,6.690467701402236,9.328035487116928,550000,766825.2425520327,8220651,-2.637567785714692,3288.0
Nathan Byrne,CLT,2024,6.81211256870046,5.253880972473545,560000,431903.2187024562,8220651,1.558231596226915,3168.0
Santiago Moreno,POR,2024,6.690467701402236,6.646507431676749,550000,546386.179647209,8220651,0.0439602697254866,2738.0
Amine Bassi,HOU,2024,7.359514471542461,13.005956976159876,605000,1069174.3322202568,8220651,-5.646442504617415,2788.0
Xande Silva,ATL,2024,6.81211256870046,9.688367376407191,560000,796446.8696122915,8220651,-2.876254807706731,1589.0
Danley Jean Jacques,PHI,2024,6.690467701402236,3.4565305970067763,550000,284149.31708814355,8220651,3.2339371043954594,502.0
Tim Leibold,SKC,2024,7.298692037893349,6.4087404312898455,600000,526840.1843522331,8220651,0.8899516066035034,2442.0
Andrew Gutman,CHI,2024,7.298692037893349,3.4137719184115607,600000,280634.27534861915,8220651,3.884920119481788,792.0
Dru Yearwood,NSH,2024,6.690467701402236,3.672367924960744,550000,301892.55054696463,8220651,3.0180997764414923,1661.0
Carlos Akapo,SJE,2024,6.690467701402236,6.150319912462782,550000,505596.3353870709,8220651,0.5401477889394535,1781.0
Jamal Thiaré,ATL,2024,6.0822433649111245,10.84836073919688,500000,891805.8755903956,8220651,-4.766117374285755,1311.0
Matt Polster,NER,2024,6.690467701402236,6.567768277514444,550000,539913.308583174,8220651,0.1226994238877914,2933.0
Tim Ream,CLT,2024,6.0822433649111245,8.068766465057626,500000,663305.1310974244,8220651,-1.9865231001465016,883.0
Marino Hinestroza,CLB,2024,6.0822433649111245,6.298142190360402,500000,517748.28895328427,8220651,-0.215898825449277,427.0
Daniel Lovitz,NSH,2024,6.766422756543247,4.046170372801668,556244,332621.545213424,8220651,2.7202523837415797,2545.0
Jere Uronen,CLT,2024,6.386355533156681,5.210348806620909,525000,428324.59127496986,8220651,1.1760067265357712,2408.0
Nouhou,SEA,2024,6.690467701402236,4.876862220598505,550000,400909.8229062532,8220651,1.813605480803731,2441.0
Cory Burke,NYRB,2024,6.0822433649111245,14.12947307250366,500000,1161534.669429503,8220651,-8.047229707592535,404.0
Tristan Muyumba,ATL,2024,6.386355533156681,9.378938575200277,525000,771009.807771587,8220651,-2.992583042043594,2366.0
Matt Hedges,ATX,2024,5.210207804710357,4.690775460150623,428313,385612.2797726268,8220651,0.5194323445597337,1018.0
Jesús Murillo,LAFC,2024,6.0822433649111245,7.305792484561573,500000,600583.7029400358,8220651,-1.2235491196504489,1922.0
Sergi Palencia,LAFC,2024,4.257619013384707,4.244754685982829,350004,348946.46854079433,8220651,0.0128643274018775,2563.0
Hassani Dotson,MIN,2024,6.0822433649111245,6.479227466793029,500000,532634.6775411958,8220651,-0.3969841018819044,2520.0
Federico Navarro,CHI,2024,6.0822433649111245,3.02813056707533,500000,248932.04574358376,8220651,3.0541127978357947,791.0
Elias Manoel,NYRB,2024,5.838953630314679,6.64188493248412,480000,546006.1801211052,8220651,-0.8029313021694415,1771.0
Kyle Duncan,NYRB,2024,6.0822433649111245,2.8199958740912248,500000,231822.01902343903,8220651,3.2622474908199,1446.0
Yevhen Cheberko,CLB,2024,6.143065798560236,9.641045608819038,505000,792556.7122518383,8220651,-3.4979798102588022,1930.0
Rudy Camacho,CLB,2024,5.778131196665568,10.14672211034442,475000,834126.6126312497,8220651,-4.368590913678852,2609.0
Jáder Obrian,ATX,2024,6.021420931262013,7.728746266202288,495000,635353.2572200211,8220651,-1.7073253349402746,2459.0
Léo Chú,SEA,2024,6.690467701402236,4.551601634334295,550000,374171.28526891855,8220651,2.1388660670679407,776.0
Asier Illarramendi,FCD,2024,6.0822433649111245,12.06317017267594,500000,991671.1194317862,8220651,-5.980926807764814,2200.0
Agustín Ojeda,NYC,2024,5.838953630314679,4.89831184528881,480000,402673.12169285305,8220651,0.9406417850258686,1103.0
Marco Farfan,FCD,2024,6.228217205668991,4.54480157541481,512000,373612.2761573533,8220651,1.6834156302541814,2262.0
Iván Angulo,ORL,2024,6.082292022858043,6.1951288615060935,500004,509279.92270468926,8220651,-0.1128368386480502,3103.0
Brayan Vera,RSL,2024,5.778131196665568,8.887150048512687,475000,730581.5893345587,8220651,-3.109018851847119,2388.0
Sebastian Kowalczyk,HOU,2024,5.607828382448057,8.953837455967633,461000,736063.7283623778,8220651,-3.3460090735195767,2389.0
Griffin Dorsey,HOU,2024,5.778131196665568,4.481617037850946,475000,368418.0958382642,8220651,1.296514158814622,2962.0
Sean Nealis,NYRB,2024,5.474019028420012,6.674532180524211,450000,548689.9964435854,8220651,-1.2005131521041985,2546.0
Alex Muyl,NSH,2024,6.386355533156681,5.429152687608362,525000,446311.6947054037,8220651,0.957202845548318,2565.0
Franco Escobar,HOU,2024,5.778131196665568,9.542425092157922,475000,784449.4637627312,8220651,-3.7642938954923535,2021.0
Connor Ronan,COL,2024,5.717308763016457,6.533276233065206,470000,537077.8379862373,8220651,-0.8159674700487489,2030.0
William Agada,SKC,2024,5.778131196665568,11.68314734914006,475000,960430.7693885558,8220651,-5.905016152474491,1947.0
Wilder Cartagena,ORL,2024,5.838953630314679,8.689840012854559,480000,714361.4199151285,8220651,-2.85088638253988,2499.0
Matías Rojas,MIA,2024,1.8246730094733368,7.679756667869873,150000,631325.9933148114,8220651,-5.855083658396537,901.0
Jonathan Mensah,NER,2024,5.474019028420012,6.909429660049052,450000,568000.098443119,8220651,-1.4354106316290398,331.0
Dany Rosero,SKC,2024,6.203888232209347,8.224602482031408,510000,676115.8661851397,8220651,-2.0207142498220607,2122.0
Diego Chara,POR,2024,6.0822433649111245,10.100531785160028,500000,830329.4672020756,8220651,-4.018288420248903,2728.0
Show,FCD,2024,5.619992869177879,3.338387843120441,462000,274437.213609359,8220651,2.281605026057438,549.0
Diego Gómez,MIA,2024,6.0822433649111245,3.4374283307373066,500000,282578.9864450397,8220651,2.644815034173818,1512.0
Bjørn Inge Utvik,VAN,2024,5.474019028420012,6.944133382661412,450000,570852.9703630892,8220651,-1.4701143542413997,1929.0
Ibrahim Aliyu,HOU,2024,5.474019028420012,7.441929463350536,450000,611775.0488482205,8220651,-1.9679104349305236,2912.0
Mikkel Desler,ATX,2024,6.0822433649111245,5.359711399797951,500000,440603.1687846043,8220651,0.7225319651131734,545.0
David Martínez,LAFC,2024,6.0822433649111245,20.72915932986707,500000,1704071.8437423103,8220651,-14.646915964955944,540.0
David Martínez,LAFC,2024,6.0822433649111245,15.139062084931306,500000,1244529.4586755263,8220651,-9.056818720020182,540.0
Maxi Moralez,NYC,2024,5.838953630314679,8.421175309457151,480000,692275.4322886424,8220651,-2.5822216791424726,1016.0
Pavel Bucha,CIN,2024,5.474019028420012,7.477088436665635,450000,614665.345339638,8220651,-2.003069408245623,3301.0
Daniel Steres,HOU,2024,5.474019028420012,4.058811289880681,450000,333660.7108896891,8220651,1.4152077385393316,1343.0
Christian Ramírez,CLB,2024,5.474019028420012,12.289976406314128,450000,1010316.0683454263,8220651,-6.815957377894116,1582.0
Jhojan Valencia,ATX,2024,5.474019028420012,6.862483071577301,450000,564140.7832484501,8220651,-1.3884640431572883,1642.0
Chris Durkin,STL,2024,5.474019028420012,2.6917274607258226,450000,221277.52041743192,8220651,2.7822915676941897,2577.0
Patrick Yazbek,NSH,2024,4.561682523683343,3.483379002564209,375000,286356.43080808467,8220651,1.078303521119134,415.0
Antony,POR,2024,5.169906860174455,4.463104275644716,425000,366896.2262668301,8220651,0.706802584529739,2141.0
Pedro Santos,DCU,2024,5.474019028420012,4.492828515890302,450000,369339.7523198213,8220651,0.98119051252971,2085.0
Kevin Kelsy,CIN,2024,5.838953630314679,4.661522705750459,480000,383207.51292550215,8220651,1.17743092456422,1394.0
Kwadwo Opoku,MTL,2024,4.194655630071146,4.798516279313831,344828,394469.2765005752,8220651,-0.6038606492426846,596.0
Alexandru Matan,CLB,2024,5.474019028420012,6.069820091729105,450000,498978.7260689296,8220651,-0.5958010633090929,1642.0
Dylan Chambost,CLB,2024,4.561682523683343,9.72019787261598,375000,799063.5436171844,8220651,-5.158515348932637,628.0
Robert Voloder,SKC,2024,5.474019028420012,3.4185096290253214,450000,281023.7460035664,8220651,2.055509399394691,1978.0
Noah Eile,NYRB,2024,5.109084426525345,4.163561888443745,420000,342271.8920179696,8220651,0.9455225380816,2739.0
Allan Arigoni,CHI,2024,5.619992869177879,3.5782192152312544,462000,294152.91369910026,8220651,2.0417736539466245,2377.0
Bobby Wood,NER,2024,5.474019028420012,8.171150474805415,450000,671721.7632185961,8220651,-2.697131446385403,651.0
Brad Smith,HOU,2024,5.169894695687726,8.909724925556736,424999,732437.3911900291,8220651,-3.7398302298690096,515.0
Georgios Koutsias,CHI,2024,5.727040352400315,5.744565816188988,470800,472240.7072141982,8220651,-0.0175254637886732,1018.0
Alexandros Katranis,RSL,2024,4.865794691928899,3.9572983999846434,400000,325315.6904913216,8220651,0.908496291944256,2226.0
Alex Roldan,SEA,2024,5.656486329367346,4.799460078687955,465000,394546.8629532621,8220651,0.8570262506793913,2542.0
Tayvon Gray,NYC,2024,4.257570355437787,2.4390319496414885,350000,200504.30435852247,8220651,1.8185384057962983,1893.0
Monsef Bakrar,NYC,2024,4.3792152227360095,6.351484576736303,360000,522133.3803723187,8220651,-1.9722693540002936,1550.0
Deybi Flores,TOR,2024,4.865794691928899,7.247496006539117,400000,595791.352936518,8220651,-2.381701314610217,2343.0
Tobias Salquist,CHI,2024,4.865794691928899,7.68862932172721,400000,632055.3832228611,8220651,-2.8228346297983107,1041.0
David Ayala,POR,2024,4.865794691928899,4.247931874838857,400000,349207.65414825926,8220651,0.6178628170900424,1664.0
Andreu Fontàs,SKC,2024,5.474019028420012,9.217409325226706,450000,757731.0518683424,8220651,-3.7433902968066937,1576.0
Ronald Hernández,ATL,2024,5.474019028420012,5.142746501137255,450000,422767.2416732048,8220651,0.3312725272827572,831.0
Alejandro Bedoya,PHI,2024,3.953409529245312,8.300391617773567,324996,682346.226530419,8220651,-4.346982088528255,1677.0
Diego Luna,RSL,2024,4.865794691928899,6.35865133457875,400000,522722.5345225613,8220651,-1.4928566426498504,2467.0
Derrick Williams,ATL,2024,4.865794691928899,9.79500230654502,400000,805212.9550630164,8220651,-4.9292076146161214,2543.0
Wil Trapp,MIN,2024,4.865794691928899,6.0722966406216985,400000,499182.3145102341,8220651,-1.2065019486927993,2574.0
George Campbell,MTL,2024,4.865794691928899,3.623107980051484,400000,297843.0623931821,8220651,1.2426867118774156,2462.0
Damir Kreilach,VAN,2024,5.35237416112179,7.886804795994722,440000,648346.6973299881,8220651,-2.5344306348729324,558.0
Kerwin Vargas,CLT,2024,4.865794691928899,4.653074787974004,400000,382513.03908833285,8220651,0.2127199039548948,2713.0
Edwin Mosquera,ATL,2024,4.865794691928899,7.528395995079949,400000,618883.1606534998,8220651,-2.6626013031510496,771.0
Jonathan Lewis,COL,2024,4.987439559227122,7.071338166812523,410000,581310.0317234553,8220651,-2.083898607585401,903.0
Samuel Piette,MTL,2024,4.833862914263117,10.12002878304312,397375,831932.2473535221,8220651,-5.286165868780005,2348.0
Malte Amundsen,CLB,2024,4.3792152227360095,5.482810295385791,360000,450722.699375735,8220651,-1.1035950726497816,2623.0
Olivier Mbaizo,PHI,2024,4.257570355437787,3.480179426801749,350000,286093.4048511723,8220651,0.7773909286360379,1261.0
Sean Zawadzki,CLB,2024,4.561682523683343,4.327361175147999,375000,355737.25971841573,8220651,0.2343213485353441,2133.0
Fabian Herbers,CHI,2024,4.865794691928899,6.23287512925558,400000,512382.91164190014,8220651,-1.3670804373266812,2329.0
Nacho Gil,NER,2024,4.865794691928899,8.210725539068164,400000,674975.0911346624,8220651,-3.344930847139265,737.0
Shane O'Neill,TOR,2024,4.561682523683343,3.234564806660861,375000,265902.28412441415,8220651,1.3271177170224822,1289.0
Edwin Cerrillo,LAG,2024,4.865794691928899,5.164434784784645,400000,424550.1597797468,8220651,-0.298640092855746,2325.0
Tomás Avilés,MIA,2024,4.683278733034647,4.458012646499016,384996,366477.6612045479,8220651,0.2252660865356306,2449.0
Sunusi Ibrahim,MTL,2024,4.257570355437787,4.973248949161667,350000,408833.4394717481,8220651,-0.7156785937238803,1181.0
Bryce Duke,MTL,2024,3.953458187192231,3.81528009231944,325000,313640.861062059,8220651,0.1381780948727908,2379.0
Nikola Petkovic,CLT,2024,4.3792152227360095,3.961188992862956,360000,325635.52255367854,8220651,0.4180262298730532,578.0
Keegan Rosenberry,COL,2024,4.865794691928899,3.451356028374001,400000,283723.9338600876,8220651,1.4144386635548982,2957.0
Rodrigo Schlegel,ORL,2024,4.257570355437787,7.4447755298881715,350000,612009.0140455073,8220651,-3.1872051744503844,2612.0
Dennis Gjengaar,NYRB,2024,4.135925488139565,2.441184710753211,340000,200681.27533638096,8220651,1.6947407773863534,1102.0
Ramiro Enrique,ORL,2024,4.146983006576973,6.143792916500887,340909,505059.7738282593,8220651,-1.9968099099239136,1229.0
Jacob Shaffelburg,NSH,2024,4.257570355437787,3.0462162136975217,350000,250418.80363348743,8220651,1.2113541417402651,1569.0
Brandon Bye,NER,2024,4.561682523683343,2.689505050227748,375000,221094.82380659785,8220651,1.8721774734555956,863.0
Njabulo Blom,STL,2024,3.6493460189466735,3.096006443931341,300000,254511.88469310623,8220651,0.553339575015332,1012.0
Diego Rubio,ATX,2024,4.257570355437787,7.579714767089681,350000,623101.8977979055,8220651,-3.3221444116518937,2097.0
Danny Musovski,SEA,2024,4.368157704298601,6.867965997781592,359091,564591.5154762925,8220651,-2.4998082934829915,656.0
Ema Twumasi,FCD,2024,4.500860090034232,5.138028396967646,370000,422379.3827956047,8220651,-0.6371683069334138,1351.0
Brandt Bronico,CLT,2024,4.257570355437787,4.990038103073632,350000,410213.6172207035,8220651,-0.7324677476358445,1924.0
Vitor Costa,SJE,2024,4.257570355437787,4.639385703177502,350000,381387.7072021183,8220651,-0.3818153477397148,2321.0
Daniel Edelman,NYRB,2024,4.683327390981566,3.159636100637452,385000,259742.65670341373,8220651,1.5236912903441135,2846.0
Dominic Iankov,MTL,2024,4.257570355437787,4.018846576889121,350000,330375.35131150135,8220651,0.2387237785486657,814.0
Marcelo Weigandt,MIA,2024,1.8246730094733368,3.675010046304572,150000,302109.75012163725,8220651,-1.8503370368312355,2268.0
Joel Waterman,MTL,2024,4.087267541220276,9.479554311552915,336000,779281.076308218,8220651,-5.392286770332641,2391.0
Maren Haile-Selassie,CHI,2024,4.184583435058854,7.389688511949364,344000,607480.5025544505,8220651,-3.2051050768905105,2288.0
Claudio Bravo,POR,2024,3.953458187192231,3.748883206818882,325000,308182.60483018856,8220651,0.2045749803733483,1787.0
Mohamed Farsi,CLB,2024,4.257570355437787,4.627004024928902,350000,380369.852645358,8220651,-0.3694336694911149,2099.0
Mauricio Pineda,CHI,2024,4.196747921788676,4.012788978703136,345000,329877.3773056491,8220651,0.1839589430855399,1340.0
Nick Lima,NER,2024,4.561682523683343,3.62836484334927,375000,298275.21077844023,8220651,0.9333176803340733,2032.0
Jon Gallagher,ATX,2024,4.561682523683343,5.138201732771871,375000,422393.6321271282,8220651,-0.576519209088528,3014.0
Nelson Palacio,RSL,2024,4.014280620841342,4.039364922689495,330000,332062.0929107231,8220651,-0.0250843018481523,891.0
Raheem Edwards,MTL,2024,4.075103054490453,5.910145486477086,335000,485852.4340355335,8220651,-1.8350424319866327,1723.0
Derrick Jones,CLB,2024,3.953409529245312,5.332854620921187,324996,438395.3667233037,8220651,-1.3794450916758745,590.0
Theodore Ku-Dipietro,DCU,2024,3.6493460189466735,3.554684791216718,300000,292218.23083600507,8220651,0.0946612277299556,2075.0
Adilson Malanda,CLT,2024,3.953458187192231,4.220295590013063,325000,346935.7716233647,8220651,-0.2668374028208315,3271.0
Cameron Harper,NYRB,2024,3.6493460189466735,4.252150826479926,300000,349554.4794385303,8220651,-0.6028048075332522,1588.0
Rafael Santos,ORL,2024,3.953409529245312,4.571995983837613,324996,375847.8335653066,8220651,-0.6185864545923012,2371.0
Jefferson Díaz,MIN,2024,4.257570355437787,3.088202055094164,350000,253870.31312411893,8220651,1.1693683003436233,899.0
Žan Kolmanič,ATX,2024,4.257570355437787,4.155393082673703,350000,341600.36300474656,8220651,0.1021772727640843,619.0
Josh Atencio,SEA,2024,4.257570355437787,2.819212009429117,350000,231757.5802452548,8220651,1.4383583460086702,1225.0
Nkosi Tafari,FCD,2024,4.230200260295687,7.800050150267286,347750,641214.9006784492,8220651,-3.569849889971599,2573.0
Dagur Dan Thórhallsson,ORL,2024,3.6493460189466735,3.557466960269959,300000,292446.94324410195,8220651,0.0918790586767146,2746.0
Franco Negri,MIA,2024,3.0411216824555622,3.8527380515148537,250000,316720.14915923635,8220651,-0.8116163690592915,876.0
Alfredo Morales,SJE,2024,3.6493460189466735,4.0980567201885805,300000,336886.9407487497,8220651,-0.4487107012419069,779.0
Julián Aude,LAG,2024,3.953458187192231,2.859181395287958,325000,235043.32396355344,8220651,1.094276791904273,1894.0
Paul Marie,SJE,2024,3.6493460189466735,4.623110883095291,300000,380049.81104228186,8220651,-0.9737648641486172,1716.0
Mitja Ilenic,NYC,2024,2.91947681515734,2.092171255935254,240000,171990.097272754,8220651,0.8273055592220859,1671.0
Sebastian Berhalter,VAN,2024,4.014280620841342,3.993361542057063,330000,328280.3155407294,8220651,0.0209190787842792,2109.0
Rasmus Alm,STL,2024,3.2296712267678074,6.421067472902421,265500,527853.5474218276,8220651,-3.1913962461346137,962.0
Benji Kikanović,SJE,2024,3.552030125108097,2.331327707353483,292000,191650.31448783117,8220651,1.2207024177546142,1391.0
Alonso Martínez,NYC,2024,3.6493460189466735,10.653755534817654,300000,875808.0609105427,8220651,-7.0044095158709805,1668.0
Robert Taylor,MIA,2024,3.6493460189466735,6.705388107849479,300000,551226.5545418093,8220651,-3.0560420889028053,1787.0
Jannes Horn,STL,2024,3.868306780083476,5.286619594805708,318000,434594.54658659134,8220651,-1.4183128147222317,645.0
Indiana Vassilev,STL,2024,3.284411417052007,3.056335382880814,270000,251250.66521614543,8220651,0.2280760341711931,2075.0
Franco Fragapane,MIN,2024,3.770990886244897,7.9252471628556656,310000,651506.9101457659,8220651,-4.154256276610768,987.0
Tomas Totland,STL,2024,3.320904877241474,3.044352963934876,273000,250265.632373242,8220651,0.2765519133065983,2809.0
Leon Flach,PHI,2024,3.6493460189466735,2.40692806937906,300000,197865.1564046904,8220651,1.2424179495676135,2027.0
Jesús Bueno,PHI,2024,3.40605628435023,5.125412134844172,280000,421342.2439171888,8220651,-1.719355850493942,738.0
Jaylin Lindsey,CLT,2024,3.345233850701118,2.095566230098821,275000,172269.18625028105,8220651,1.2496676206022967,366.0
Strahinja Tanasijević,NYC,2024,2.91947681515734,6.760916757715333,240000,555791.3710522931,8220651,-3.841439942557993,1162.0
Ethan Finlay,ATX,2024,3.1931777665783403,4.179290447051791,262500,343564.88192846754,8220651,-0.9861126804734508,955.0
Kyle Smith,ORL,2024,3.527701151648452,3.595288182761106,290000,295556.09394903266,8220651,-0.0675870311126538,1357.0
Andrew Brody,RSL,2024,3.345233850701118,5.297478128612018,275000,435487.1887545252,8220651,-1.9522442779109,2418.0
Tanner Beason,SJE,2024,3.6493460189466735,6.5640729654396015,300000,539609.5298741403,8220651,-2.914726946492928,1857.0
Oleksandr Svatok,ATX,2024,3.6493460189466735,5.911542275883507,300000,485967.2592178402,8220651,-2.262196256936833,476.0
Djibril Diani,CLT,2024,3.162766549753785,6.054430265451467,260000,497713.5821611387,8220651,-2.891663715697682,2014.0
Dante Sealy,FCD,2024,3.345233850701118,2.324394280881297,275000,191080.3416952112,8220651,1.0208395698198207,984.0
Brian Anunga,NSH,2024,3.345233850701118,5.052377280553254,275000,415338.3034375739,8220651,-1.7071434298521364,1659.0
Alvas Powell,CIN,2024,3.0411216824555622,4.844037762997624,250000,398211.4388042418,8220651,-1.802916080542062,908.0
Júnior Urso,CLT,2024,3.0411216824555622,6.08354788818072,250000,500107.24030520726,8220651,-3.042426205725158,1171.0
John Nelson,LAG,2024,3.345233850701118,3.4546724945206906,275000,283996.5689675401,8220651,-0.1094386438195726,1324.0
Juan Mosquera,POR,2024,2.737009514210006,4.193931639755936,225000,344768.4832829128,8220651,-1.45692212554593,3101.0
Ian Harkes,NER,2024,3.345233850701118,5.632210802619598,275000,463004.393667656,8220651,-2.28697695191848,1792.0
Teal Bunbury,NSH,2024,3.0411216824555622,5.405003510060093,250000,444326.4750997901,8220651,-2.3638818276045304,1308.0
Tom Barlow,CHI,2024,3.0411216824555622,6.8661377066749845,250000,564441.2180451542,8220651,-3.825016024219422,941.0
Jake Nerwinski,STL,2024,3.0411216824555622,3.8708879045586566,250000,318212.18523498025,8220651,-0.8297662221030944,663.0
Kevin Long,TOR,2024,3.0411216824555622,8.056078016618493,250000,662262.0580339283,8220651,-5.01495633416293,2398.0
Christopher McVey,DCU,2024,3.065450655915207,5.825411976312393,252000,478886.78788484447,8220651,-2.759961320397186,2458.0
Jared Stroud,DCU,2024,2.7978319478591174,7.589081506744613,230000,623871.9047750161,8220651,-4.791249558885495,2749.0
Dylan Nealis,NYRB,2024,3.010710465631006,4.152162813486375,247500,341334.81384849583,8220651,-1.1414523478553686,2659.0
Nathan Harriel,PHI,2024,2.91947681515734,2.762791283764232,240000,227119.42929667715,8220651,0.1566855313931081,2698.0
Ethan Bartlow,HOU,2024,3.0411216824555622,3.57341899250378,250000,293758.3041414519,8220651,-0.5322973100482176,975.0
Fernando Álvarez,MTL,2024,2.737009514210006,2.994539553934902,225000,246170.64578594503,8220651,-0.2575300397248958,2396.0
Dax McCarty,ATL,2024,2.737009514210006,4.4282688068871,225000,364032.5239560524,8220651,-1.6912592926770933,1076.0
Jasper Löeffelsend,COL,2024,2.7978319478591174,4.761706370472703,230000,391443.262361328,8220651,-1.9638744226135847,453.0
Federico Redondo,MIA,2024,1.8246730094733368,5.255639460666842,150000,432047.7778797033,8220651,-3.4309664511935054,1250.0
Joaquín Sosa,MTL,2024,3.059368412550296,3.720953713004161,251500,305886.6186176137,8220651,-0.661585300453865,1417.0
Eddie Segura,LAFC,2024,3.0411216824555622,7.452977252614223,250000,612683.2490468036,8220651,-4.411855570158661,1542.0
Pedro Amador,ATL,2024,2.5180487530732054,5.429025678767874,207000,446301.25375188806,8220651,-2.9109769256946687,915.0
Emiro Garcés,LAG,2024,2.4328973459644496,3.45437831609556,200000,283972.38558589283,8220651,-1.0214809701311105,464.0
Liam Fraser,FCD,2024,2.4328973459644496,4.845235344053785,200000,398309.8877633109,8220651,-2.412337998089336,1516.0
Jack McGlynn,PHI,2024,2.4328973459644496,6.190138462442561,200000,508869.679414169,8220651,-3.757241116478111,2613.0
DJ Taylor,MIN,2024,1.94631787677156,3.0369977085523256,160000,249660.98249808385,8220651,-1.0906798317807656,1669.0
Maxime Chanot,LAFC,2024,2.676187080560895,9.60055975421943,220000,789228.5114408372,8220651,-6.924372673658535,1524.0
Maikel Chang,RSL,2024,2.3720749123153384,5.487616131724706,195000,451117.7704087884,8220651,-3.1155412194093675,497.0
Wyatt Omsberg,CHI,2024,2.4328973459644496,5.536020605179104,200000,455096.933239862,8220651,-3.1031232592146543,939.0
Matty Longstaff,TOR,2024,2.396403885774983,4.247451873706143,197000,349168.1949303428,8220651,-1.85104798793116,2472.0
Gabriele Corbo,MTL,2024,2.631786703997044,4.429154791675914,216350,364105.3576734539,8220651,-1.7973680876788696,1980.0
Sam Junqua,FCD,2024,2.4328973459644496,4.651230045357731,200000,382361.3892360007,8220651,-2.2183326993932813,2517.0
Nökkvi Thórisson,STL,2024,2.1896076113680047,5.619888588679734,180000,461991.4274641865,8220651,-3.430280977311729,1419.0
Benjamin Cremaschi,MIA,2024,1.2129939587509555,2.400415728313629,99716,197329.79957377163,8220651,-1.1874217695626736,1294.0
Guilherme Biro,ATX,2024,2.4328973459644496,3.6027296486851004,200000,296167.83089192817,8220651,-1.1698323027206508,2588.0
Brendan Hines-Ike,ATX,2024,2.432800030070611,7.2007864755116,199992,591951.5254070092,8220651,-4.767986445440989,2516.0
Célio Pompeu,STL,2024,1.9961314499301817,5.936554140838696,164095,488023.3973443977,8220651,-3.940422690908514,1404.0
Zac McGraw,POR,2024,1.8246730094733368,3.976494028531022,150000,326893.6961213757,8220651,-2.151821019057685,988.0
Kevin O'Toole,NYC,2024,2.128785177718893,4.788086875686519,175000,393611.9116269926,8220651,-2.6593016979676256,2714.0
Kyle Hiebert,STL,2024,1.9462692188246404,5.476887525564504,159996,450235.8091391937,8220651,-3.530618306739864,1560.0
Érik Dueñas,LAFC,2024,2.256512288382027,1.6158223339442792,185500,132831.11485361372,8220651,0.6406899544377478,452.0
Emmanuel Boateng,NER,2024,1.8854954431224489,7.957204399407002,155000,654134.0030318957,8220651,-6.071708956284554,830.0
Miguel Berry,LAG,2024,2.1288824936127324,7.567176153441029,175008,622071.1421296115,8220651,-5.438293659828297,1009.0
Jalen Neal,LAG,2024,2.007140310420671,3.9907015347922874,165000,328061.6456269175,8220651,-1.9835612243716156,1562.0
Patrickson Delgado,FCD,2024,1.8246730094733368,3.168436647527039,150000,260466.118949298,8220651,-1.343763638053702,1296.0
Ján Greguš,HOU,2024,1.8246730094733368,8.268676576528437,150000,679739.0436751507,8220651,-6.4440035670551,429.0
Wikelman Carmona,NYRB,2024,2.007140310420671,3.456970913822171,165000,284185.51399683143,8220651,-1.4498306034014998,1782.0
Justin Haak,NYC,2024,1.8246730094733368,1.6406120236272028,150000,134868.9887264299,8220651,0.1840609858461339,938.0
Simon Becher,STL,2024,1.6786991687154702,3.330342303639312,138000,273775.8178875481,8220651,-1.6516431349238416,610.0
Ronald Donkor,NYRB,2024,1.5813832748768926,2.532976277341749,130000,208227.13967305727,8220651,-0.9515930024648568,1091.0
Ryan Raposo,VAN,2024,1.8246730094733368,3.987994263130633,150000,327839.09027199104,8220651,-2.1633212536572968,1766.0
Tyler Wolff,ATL,2024,1.8246730094733368,1.6193805677532522,150000,133123.6248368134,8220651,0.2052924417200845,594.0
Quinn Sullivan,PHI,2024,1.8246730094733368,4.145019108758142,150000,340747.55481431726,8220651,-2.320346099284805,2722.0
Jack Skahan,SJE,2024,1.8246730094733368,5.030096066383799,150000,413506.64258214046,8220651,-3.2054230569104627,1010.0
Tate Schmitt,HOU,2024,1.8246730094733368,3.872018404671304,150000,318305.1197037956,8220651,-2.0473453951979668,527.0
Felipe,ORL,2024,1.8246730094733368,8.23694854903176,150000,677130.7932654648,8220651,-6.412275539558424,455.0
Sebastian Anderson,COL,2024,1.8246730094733368,1.3761316042870948,150000,113126.9764891431,8220651,0.4485414051862419,588.0
Micael,HOU,2024,1.6422057085260036,4.832191070236912,135000,397237.5635373414,8220651,-3.1899853617109084,3122.0
Mauricio Cuevas,LAG,2024,1.5205608412277811,3.5840914916987874,125000,294635.6530532513,8220651,-2.063530650471006,429.0
Nathan Saliba,MTL,2024,1.5813832748768926,3.5846205169893914,130000,294679.1423760936,8220651,-2.003237242112499,1846.0
Kristian Fletcher,DCU,2024,1.4597384075786697,1.9900912685049432,120000,163598.45776526432,8220651,-0.5303528609262735,338.0
Joseph Rosales,MIN,2024,1.1433157787625337,4.735129311595182,93988,389258.4551049424,8220651,-3.5918135328326484,2680.0
Dani Pereira,ATX,2024,1.5205608412277811,4.031965406794434,125000,331453.8045333007,8220651,-2.511404565566653,2283.0
Ian Murphy,CIN,2024,1.0913490914527328,4.089391786365322,89716,336174.6267797587,8220651,-2.9980426949125896,2625.0
Aimé Mabika,TOR,2024,1.5205608412277811,5.010427401541935,125000,411889.7502891311,8220651,-3.489866560314153,551.0
Nathan Ordaz,LAFC,2024,1.563136544782159,2.4338205451292456,128500,200075.8929813728,8220651,-0.8706840003470866,481.0
Bode Hidalgo,RSL,2024,1.5205608412277811,3.001926190544599,125000,246777.87540226645,8220651,-1.4813653493168175,1631.0
Ousseni Bouda,SJE,2024,1.5205608412277811,4.2418201479337485,125000,348705.2304093171,8220651,-2.721259306705967,433.0
Calvin Harris,COL,2024,1.5205608412277811,5.570192054041295,125000,457906.04879246623,8220651,-4.049631212813513,1688.0
Daniel Ríos,ATL,2024,1.0913490914527328,10.719740866129214,89716,881232.4847088599,8220651,-9.628391774676482,1564.0
Ian Fray,MIA,2024,1.5205608412277811,1.636760174269454,125000,134552.34163368362,8220651,-0.1161993330416728,765.0
Ralph Priso,VAN,2024,1.5205608412277811,2.466293884583538,125000,202745.41288595545,8220651,-0.9457330433557568,550.0
Alejandro Bran,MIN,2024,1.5205608412277811,4.59309346960609,125000,377582.1842401077,8220651,-3.0725326283783083,476.0
Dominique Badji,DCU,2024,1.0913490914527328,7.962035270447735,89716,654531.1320804144,8220651,-6.870686178995003,349.0
Owen Wolff,ATX,2024,1.3380935402804477,3.5144886724038416,110000,288913.8481928531,8220651,-2.176395132123394,2047.0
Jonathan Dean,CHI,2024,1.398915973929559,3.365250653700261,115000,276645.511515917,8220651,-1.9663346797707024,1304.0
Esmir Bajraktarevic,NER,2024,1.398915973929559,3.433332951278839,115000,282242.3195926334,8220651,-2.03441697734928,2192.0
Jake Davis,SKC,2024,1.4597384075786697,3.581374510182791,120000,294412.2994850867,8220651,-2.1216361026041213,2476.0
Reed Baker-Whiting,SEA,2024,1.2164486729822248,1.3956409924195263,100000,114730.77519974572,8220651,-0.1791923194373015,932.0
Brooklyn Raines,HOU,2024,1.2164486729822248,3.452175998666635,100000,283791.34075614874,8220651,-2.2357273256844103,520.0
Robert Castellanos,SKC,2024,1.398915973929559,4.199740631899632,115000,345246.0202536634,8220651,-2.800824657970073,1166.0
Omar González,FCD,2024,1.0913490914527328,6.418825793520584,89716,527669.2667833078,8220651,-5.327476702067851,960.0
Niko Tsakiris,SJE,2024,1.3380935402804477,2.2109299252060004,110000,181752.83300574636,8220651,-0.8728363849255527,1611.0
Christian McFarlane,NYC,2024,1.0913490914527328,1.56615008243075,89716,128747.73241284429,8220651,-0.4748009909780171,439.0
Chris Donovan,PHI,2024,1.0913490914527328,1.7792918494164438,89716,146269.37321197137,8220651,-0.687942757963711,511.0
Peter Stroud,NYRB,2024,1.0913490914527328,1.589690406412546,89716,130682.90029165705,8220651,-0.4983413149598132,946.0
Ali Ahmed,VAN,2024,1.2164486729822248,4.88174297239751,100000,401311.0524778256,8220651,-3.665294299415285,1519.0
Josh Yaro,STL,2024,1.0913490914527328,7.477047056414197,89716,614661.9436135842,8220651,-6.385697964961464,915.0
Jackson Ragen,SEA,2024,1.195294630559064,7.1350174256305925,98261,586544.8813502756,8220651,-5.939722795071528,3244.0
Jeremy Rafanello,PHI,2024,1.2164486729822248,1.5832490972890032,100000,130153.38274877943,8220651,-0.3668004243067784,396.0
Oliver Larraz,COL,2024,1.2164486729822248,3.883538809371289,100000,319252.171967969,8220651,-2.6670901363890644,2438.0
Deandre Kerr,TOR,2024,1.2164486729822248,5.47826042625261,100000,450348.6705133394,8220651,-4.2618117532703845,1133.0
Nick Hagglund,CIN,2024,1.0913490914527328,4.590172565836043,89716,377342.0669351263,8220651,-3.49882347438331,510.0
Oscar Verhoeven,SJE,2024,1.0913490914527328,1.3486238713835317,89716,110865.661769129,8220651,-0.2572747799307986,434.0
Lukas MacNaughton,NSH,2024,1.2164486729822248,7.709625394085615,100000,633781.397055153,8220651,-6.49317672110339,455.0
Iuri Tavares,CLT,2024,1.0913490914527328,3.58657160155673,89716,294839.53422908933,8220651,-2.4952225101039973,1082.0
João Pedro,CLT,2024,1.0913490914527328,2.806176893956512,89716,230686.0088948049,8220651,-1.7148278025037789,512.0
Memo Rodríguez,SKC,2024,1.0913490914527328,7.577967712533788,89716,622958.278540086,8220651,-6.486618621081055,1789.0
Darren Yapi,COL,2024,1.0913490914527328,2.4788939856116463,89716,203781.22321712365,8220651,-1.3875448941589137,939.0
Kobe Franklin,TOR,2024,1.0913490914527328,2.647751187170704,89716,217662.3844456604,8220651,-1.5564020957179714,846.0
Jon Bell,SEA,2024,1.221849705090266,3.442308095863403,100444,282980.1349056758,8220651,-2.220458390773137,558.0
Kosi Thompson,TOR,2024,1.1556262393331136,2.443109006499696,95000,200839.46497390728,8220651,-1.287482767166582,1313.0
Zorhan Bassong,SKC,2024,1.0913490914527328,3.340672581886906,89716,274625.03400961176,8220651,-2.249323490434173,1416.0
Kipp Keller,CIN,2024,1.0913490914527328,3.4440701829571903,89716,283124.9899359721,8220651,-2.352721091504457,945.0
Matai Akinmboni,DCU,2024,1.0913490914527328,2.0006113190989185,89716,164463.27440961843,8220651,-0.9092622276461856,503.0
Obed Vargas,SEA,2024,1.0913490914527328,3.442550237098738,89716,283000.0404915598,8220651,-2.351201145646006,2841.0
Bret Halsey,CIN,2024,1.0913490914527328,4.337419284930588,89716,356564.1018208392,8220651,-3.2460701934778555,611.0
Jacen Russell-Rowe,CLB,2024,1.0913490914527328,4.370596068612888,89716,359291.44942038605,8220651,-3.279246977160155,1193.0
Devin Padelford,MIN,2024,1.0913490914527328,1.470764708099723,89716,120906.43368404696,8220651,-0.3794156166469902,1815.0
Jules-Anthony Vilsaint,MTL,2024,1.0913490914527328,4.742256549339162,89716,389844.3604458153,8220651,-3.650907457886429,943.0
Cody Baker,SEA,2024,1.0913490914527328,1.6495244722502778,89716,135601.6500232872,8220651,-0.5581753807975449,566.0
Josh Bauer,NSH,2024,1.1459189789227155,3.6176549622445338,94202,297394.7888303049,8220651,-2.4717359833218184,2112.0
Alonso Coello,TOR,2024,1.0913490914527328,4.291880257161428,89716,352820.49727914354,8220651,-3.2005311657086954,1696.0
Jackson Travis,COL,2024,1.0913490914527328,1.2611414855833036,89716,103674.0401460187,8220651,-0.1697923941305708,539.0
Max Arfsten,CLB,2024,1.0913490914527328,5.2480515784812685,89716,431424.0045669362,8220651,-4.156702487028536,2184.0
Noah Allen,MIA,2024,1.0913490914527328,1.7462357611252273,89716,143551.9475592986,8220651,-0.6548866696724944,1078.0
Conner Antley,DCU,2024,1.0913490914527328,3.010063359866728,89716,247446.80369351775,8220651,-1.9187142684139955,507.0
Jackson Hopkins,DCU,2024,1.0913490914527328,1.5294484321025676,89716,125730.61782812406,8220651,-0.4380993406498348,1091.0
Ryan Spaulding,NER,2024,1.0913490914527328,3.408656162386968,89716,280213.7268998259,8220651,-2.317307070934235,526.0
Kei Kamara,LAFC,2024,1.0913490914527328,8.94919519454379,89716,735682.104252216,8220651,-7.857846103091058,1168.0
Georgi Minoungou,SEA,2024,1.0913490914527328,4.663262711267004,89716,383350.5527063981,8220651,-3.571913619814272,424.0
Paul Rothrock,SEA,2024,1.0913490914527328,5.14645859004373,89716,423072.3995470158,8220651,-4.055109498590998,1476.0
Taylor Washington,NSH,2024,1.0913490914527328,3.571938492534005,89716,293636.5974058816,8220651,-2.4805894010812723,858.0
Héctor Jiménez,ATX,2024,1.0913490914527328,4.233584595034229,89716,348028.2143475273,8220651,-3.142235503581496,664.0
Preston Judd,SJE,2024,1.0913490914527328,3.30738242992555,89716,271888.366799499,8220651,-2.216033338472817,858.0
Levonte Johnson,VAN,2024,1.0913490914527328,4.304933159251077,89716,353893.5308053053,8220651,-3.2135840677983447,800.0
Brent Kallman,NSH,2024,1.0913490914527328,6.453317305882132,89716,530504.6936391726,8220651,-5.3619682144294,631.0
Bernard Kamungo,FCD,2024,1.0913490914527328,3.403570670405215,89716,279795.666352373,8220651,-2.3122215789524825,1525.0
John Klein,STL,2024,1.0913490914527328,2.7272184851344026,89716,224195.1136703861,8220651,-1.6358693936816695,630.0
Noah Cobb,ATL,2024,1.0913490914527328,2.0764530488023896,89716,170697.95832090412,8220651,-0.9851039573496568,1546.0
Lucas Bartlett,DCU,2024,1.0913490914527328,6.629827722038086,89716,545014.998930001,8220651,-5.538478630585353,3150.0
Yamil Asad,CIN,2024,1.0913490914527328,8.659851463296757,89716,711896.1659160195,8220651,-7.568502371844024,975.0
Tsiki Ntsabeleng,FCD,2024,1.0913490914527328,5.818555283382342,89716,478323.12308892334,8220651,-4.72720619192961,1226.0
Jack Lynn,ORL,2024,1.0913490914527328,4.002035597731896,89716,328993.3793853031,8220651,-2.910686506279164,322.0
Noel Buck,NER,2024,1.0913490914527328,2.685371147088248,89716,220754.99005682155,8220651,-1.5940220556355154,605.0
Tani Oluwaseyi,MIN,2024,1.0913490914527328,8.11251395381245,89716,666901.4594692226,8220651,-7.021164862359717,1262.0
Luca Orellano,CIN,2024,1.0913490914527328,9.485820635447872,89716,779796.2089261519,8220651,-8.39447154399514,2905.0
Ryan Sailor,MIA,2024,1.0913490914527328,4.1022102664501245,89716,337228.38929103484,8220651,-3.010861174997392,390.0
Amar Sejdić,NSH,2024,1.0913490914527328,5.813900299552563,89716,477940.4531141708,8220651,-4.72255120809983,404.0
Emeka Eneli,RSL,2024,1.0913490914527328,5.994425034215759,89716,492780.7615195081,8220651,-4.903075942763026,3032.0
Eric Miller,POR,2024,1.0913490914527328,3.138661915770913,89716,258018.4421654407,8220651,-2.04731282431818,1196.0
Gerardo Valenzuela,CIN,2024,0.8685565169960383,2.581097047692098,71401,212182.98026207092,8220651,-1.7125405306960595,1140.0
Jordan Adebayo-Smith,MIN,2024,0.8685565169960383,1.988737987941693,71401,163487.20929310867,8220651,-1.120181470945655,329.0
Carlos Harvey,MIN,2024,0.8685565169960383,3.566532486388948,71401,293192.18850765785,8220651,-2.697975969392909,1188.0
Yannick Bright,MIA,2024,0.8685565169960383,2.890285608389641,71401,237600.29276893908,8220651,-2.0217290913936026,1624.0
Akil Watts,STL,2024,0.9013398087329094,1.6173788031518637,74096,132959.0667550917,8220651,-0.7160389944189542,1124.0
Tyrese Spicer,TOR,2024,0.8685565169960383,2.2165097525328177,71401,182211.53113668665,8220651,-1.3479532355367794,1204.0
Peyton Miller,NER,2024,0.8685565169960383,1.362861447579621,71401,112036.0832190686,8220651,-0.4943049305835827,743.0
David Ruiz,MIA,2024,0.8685565169960383,2.2690575374057307,71401,186531.3011393196,8220651,-1.4005010204096924,1297.0
Jacob Murrell,DCU,2024,0.8685565169960383,2.5850577147375424,71401,212508.5728771489,8220651,-1.716501197741504,1113.0
Malachi Jones,NYC,2024,0.8685565169960383,3.6235213020256407,71401,297877.0401501839,8220651,-2.7549647850296024,579.0
Hosei Kijima,STL,2024,0.8685565169960383,2.958532485681041,71401,243210.63036946335,8220651,-2.0899759686850032,927.0
Daniel Munie,SJE,2024,0.8685565169960383,2.3408975862608945,71401,192437.0208339321,8220651,-1.4723410692648562,1261.0
Nicksoen Gomis,TOR,2024,0.8685565169960383,2.721028976149869,71401,223686.295738154,8220651,-1.8524724591538304,2274.0
Forster Ajago,NSH,2024,0.8685565169960383,5.408666386216883,71401,444627.587365202,8220651,-4.540109869220844,469.0
Leo Afonso,MIA,2024,0.8685565169960383,6.252995977571577,71401,514036.9763601976,8220651,-5.384439460575539,326.0
Tyger Smalls,CLT,2024,0.8685565169960383,5.411418478502469,71401,444853.827267198,8220651,-4.54286196150643,322.0
Ajani Fortune,ATL,2024,0.8685565169960383,3.4029950668049214,71401,279748.34798924945,8220651,-2.534438549808883,1525.0
Andrew Privett,CLT,2024,0.8685565169960383,4.371522666151814,71401,359367.62177023577,8220651,-3.502966149155776,3044.0
Patrick Agyemang,CLT,2024,0.8685565169960383,11.339391242998827,71401,932171.7796114956,8220651,-10.47083472600279,2070.0
Logan Farrington,FCD,2024,0.8685565169960383,2.6163085536840773,71401,215077.5952815156,8220651,-1.747752036688039,1455.0
Alenis Vargas,SKC,2024,0.8685565169960383,3.834892901161177,71401,315253.1616282353,8220651,-2.966336384165139,736.0
Jayden Reid,STL,2024,0.8685565169960383,1.3759971360948409,71401,113115.92232835192,8220651,-0.5074406190988026,846.0
Garrison Tubbs,DCU,2024,0.8685565169960383,2.0520871951167057,71401,168694.92652623344,8220651,-1.1835306781206674,655.0
Stephen Afrifa,SKC,2024,0.8685565169960383,3.942956778620916,71401,324136.7158512681,8220651,-3.0744002616248776,914.0
Roman Bürki,STL,2024,18.55084226297893,5.731467658355426,1525000,471163.9533712719,8220651,12.819374604623505,
Pedro Gallese,ORL,2024,9.731589383857798,5.728865776134234,800000,470950.0617144367,8220651,4.002723607723564,
Andre Blake,PHI,2024,9.731589383857798,4.52945099893358,800000,372350.3588383433,8220651,5.202138384924218,
Zack Steffen,COL,2024,10.948038056840025,4.196040592095475,900000,344941.8528945026,8220651,6.75199746474455,
Yohei Takaoka,VAN,2024,8.174535082440551,4.149203197875406,672000,341091.5141781765,8220651,4.025331884565145,
Sean Johnson,TOR,2024,5.182545761886741,4.579745707216893,426039,376484.9112777826,8220651,0.6028000546698484,
Steve Clark,HOU,2024,7.602804206138905,10.574349865805573,625000,869280.3979868443,8220651,-2.971545659666666,
Joe Willis,NSH,2024,7.298692037893349,5.126907518660249,600000,421465.1742018189,8220651,2.1717845192331,
Tim Melia,SKC,2024,7.602804206138905,8.388479826974631,625000,689587.6507809884,8220651,-0.7856756208357263,
Maxime Crépeau,POR,2024,6.751290135051348,5.123795107730092,555000,421209.3137615649,8220651,1.627495027321256,
Brad Guzan,ATL,2024,7.298692037893349,13.70056799216543,600000,1126275.8796536273,8220651,-6.401875954272081,
Stefan Frei,SEA,2024,7.298692037893349,7.554510654144926,600000,621029.9556350714,8220651,-0.2558186162515774,
Kristijan Kahlina,CLT,2024,6.690467701402236,6.47577860743572,550000,532351.1588499505,8220651,0.2146890939665162,
Carlos Coronel,NYRB,2024,6.0822433649111245,3.8037381075715406,500000,312692.03477746097,8220651,2.278505257339584,
Dayne St. Clair,MIN,2024,5.595663895718235,3.7443321559097273,460000,307808.47881811456,8220651,1.8513317398085076,
Brad Stuver,ATX,2024,5.583499408988412,6.086355812865209,459000,500338.069993862,8220651,-0.5028564038767973,
Roman Celentano,CIN,2024,4.865794691928899,2.5706513139247367,400000,211324.272944667,8220651,2.2951433780041626,
Aljaž Ivačič,NER,2024,4.683327390981566,4.274907355573343,385000,351425.2142750136,8220651,0.4084200354082226,
Tyler Miller,DCU,2024,5.169906860174455,3.5303371253611404,425000,290216.69419937185,8220651,1.639569734813315,
Daniel,SJE,2024,5.169906860174455,3.826804748609474,425000,314588.2628346122,8220651,1.3431021115649813,
Drake Callender,MIA,2024,4.257473039543949,3.484039260100648,349992,286410.70827585657,8220651,0.7734337794433004,
Maarten Paes,FCD,2024,3.953458187192231,3.906799216645778,325000,321164.32887118333,8220651,0.0466589705464528,
William Yarbrough,SJE,2024,4.683327390981566,4.324583686819175,385000,355508.9320963374,8220651,0.3587437041623902,
Hugo Lloris,LAFC,2024,4.257570355437787,7.959194308505301,350000,654297.5865140841,8220651,-3.7016239530675135,
Zac MacMath,RSL,2024,4.257570355437787,6.064633834043803,350000,498552.3819246602,8220651,-1.807063478606016,
Ryan Meara,NYRB,2024,3.576359098567741,3.62948654808588,294000,298367.42221008736,8220651,-0.0531274495181386,
John McCarthy,LAG,2024,3.345233850701118,4.326877353695126,275000,355697.4864453119,8220651,-0.9816435029940084,
Matt Freese,NYC,2024,3.0411216824555622,4.64130558589304,250000,381545.534059772,8220651,-1.6001839034374776,
Chris Brady,CHI,2024,2.737009514210006,3.431613683196317,225000,282100.9845638149,8220651,-0.6946041689863107,
John Pulskamp,SKC,2024,2.4328973459644496,2.3019670777520087,200000,189236.67959689128,8220651,0.1309302682124409,
Alex Bono,DCU,2024,2.4328973459644496,4.359203680851935,200000,358354.9209819914,8220651,-1.9263063348874847,
Clint Irwin,MIN,2024,2.311252478666227,3.326577505616744,190000,273466.3269812579,8220651,-1.0153250269505167,
Patrick Schulte,CLB,2024,1.5205608412277811,2.7435528446317763,125000,225537.90435775052,8220651,-1.2229920034039952,
Jonathan Sirois,MTL,2024,1.6422057085260036,3.492691197215032,135000,287121.9538307695,8220651,-1.8504854886890283,
Andrew Thomas,SEA,2024,1.8246730094733368,2.9221637925541377,150000,240220.88703423963,8220651,-1.097490783080801,
James Pantemis,POR,2024,1.5205608412277811,3.522022897706197,125000,289533.2105605135,8220651,-2.001462056478416,
Gavin Beavers,RSL,2024,1.4597384075786697,1.9504579500958736,120000,160340.34097913594,8220651,-0.4907195425172039,
Oliver Semmle,PHI,2024,1.0913490914527328,3.5427344237585743,89716,291235.8328340535,8220651,-2.4513853323058417,
Andrew Rick,PHI,2024,0.8685565169960383,1.9903709253211412,71401,163621.44737612168,8220651,-1.1218144083251032,
Luka Gavran,TOR,2024,0.8685565169960383,2.2879244144427777,71401,188082.28125513435,8220651,-1.4193678974467394,
